[
	{
		"title": "Alita: Battle Angel",
		"year": "2019",
		"runtime": "122 min",
		"genre": "Action, Adventure, Sci-Fi, Thriller",
		"director": "Robert Rodriguez",
		"actors": "Rosa Salazar, Christoph Waltz, Jennifer Connelly, Mahershala Ali",
		"plot": "A deactivated cyborg is revived, but cannot remember anything of her past life and goes on a quest to find out who she is.",
		"country": "USA",
		"awards": "8 wins & 25 nominations.",
		"poster": "Alita"
	},
	{
		"title": "Edge of Tomorrow",
		"year": "2014",
		"runtime": "113 min",
		"genre": "Action, Sci-Fi",
		"director": "Doug Liman",
		"actors": "Tom Cruise, Emily Blunt, Brendan Gleeson, Bill Paxton",
		"plot": "A soldier fighting aliens gets to relive the same day over and over again, the day restarting every time he dies.",
		"country": "USA, Canada",
		"awards": "11 wins & 37 nominations.",
		"poster": "Edge of Tomorrow"
	},
	{
		"title": "Blade Runner 2049",
		"year": "2017",
		"runtime": "164 min",
		"genre": "Action, Drama, Mystery, Sci-Fi, Thriller",
		"director": "Denis Villeneuve",
		"actors": "Ryan Gosling, Dave Bautista, Robin Wright, Mark Arnold",
		"plot": "Young Blade Runner K's discovery of a long-buried secret leads him to track down former Blade Runner Rick Deckard, who's been missing for thirty years.",
		"country": "USA, UK, Hungary, Canada, Spain",
		"awards": "Won 2 Oscars. Another 97 wins & 159 nominations.",
		"poster": "Blade Runner 2049"
	},
	{
		"title": "Inception",
		"year": "2010",
		"runtime": "148 min",
		"genre": "Action, Adventure, Sci-Fi, Thriller",
		"director": "Christopher Nolan",
		"actors": "Leonardo DiCaprio, Joseph Gordon-Levitt, Ellen Page, Tom Hardy",
		"plot": "A thief who steals corporate secrets through the use of dream-sharing technology is given the inverse task of planting an idea into the mind of a C.E.O.",
		"country": "USA, UK",
		"awards": "Won 4 Oscars. Another 152 wins & 217 nominations.",
		"poster": "Inception"
	},
	{
		"title": "The Matrix",
		"year": "1999",
		"runtime": "136 min",
		"genre": "Action, Sci-Fi",
		"director": "Lana Wachowski, Lilly Wachowski",
		"actors": "Keanu Reeves, Laurence Fishburne, Carrie-Anne Moss, Hugo Weaving",
		"plot": "A computer hacker learns from mysterious rebels about the true nature of his reality and his role in the war against its controllers.",
		"country": "USA",
		"awards": "Won 4 Oscars. Another 37 wins & 50 nominations.",
		"poster": "The Matrix"
	}
]
