{
  "project_info": {
    "project_number": "2487038526",
    "project_id": "bank-application-77379",
    "storage_bucket": "bank-application-77379.appspot.com"
  },
  "client": [
    {
      "client_info": {
        "mobilesdk_app_id": "1:2487038526:android:c708a0547d83156226176f",
        "android_client_info": {
          "package_name": "com.example.bank_application"
        }
      },
      "oauth_client": [
        {
          "client_id": "2487038526-m1r58h6282lbcf2ilgnio87tmu03vvae.apps.googleusercontent.com",
          "client_type": 3
        }
      ],
      "api_key": [
        {
          "current_key": "AIzaSyBQ8tedbpuAcfhJys8JKU--Wv2TKaS3eC4"
        }
      ],
      "services": {
        "appinvite_service": {
          "other_platform_oauth_client": [
            {
              "client_id": "2487038526-m1r58h6282lbcf2ilgnio87tmu03vvae.apps.googleusercontent.com",
              "client_type": 3
            }
          ]
        }
      }
    }
  ],
  "configuration_version": "1"
}